,AGE,SALARY,LEAVES USED,LEAVES REMAINING,RATINGS,PAST EXP
count,2636.0,2639.0,2636.0,2637.0,2637.0,2639.0
mean,24.756449165402124,58136.67828723001,22.501517450682854,7.50322335987865,3.486158513462268,1.5668813944676014
std,3.9082280917992382,36876.956943803365,4.604469156851162,4.603193067791429,1.1149325778559014,2.728416258928431
min,21.0,40001.0,15.0,0.0,2.0,0.0
25%,22.0,43418.0,19.0,4.0,2.0,0.0
50%,24.0,46781.0,22.0,8.0,3.0,1.0
75%,25.0,51401.5,26.0,11.0,4.0,2.0
max,45.0,388112.0,30.0,15.0,5.0,23.0
