,RATINGS,SALARY,SALARY,SALARY
,,min,max,mean
0,2.0,40001,388112,57609.76083707025
1,3.0,40013,368887,56632.34550989346
2,4.0,40040,319742,59351.126676602085
3,5.0,40073,375647,58933.3421875
