,age,income,spending_score,website_visits,loyalty_points
count,397,397,397,397,397
mean,39.02015113,67443.32494,64.48110831,10.697733,139.3073048
std,8.127121136,17700.79428,17.54367626,6.581986429,89.31889454
min,25,40000,35,3,20
25%,31,55000,48,6,70
50%,39,60000,65,9,110
75%,46,80000,80,15,210
max,57,120000,98,30,350
