,DESIGNATION,SALARY,SALARY,SALARY
,,min,max,mean
0,Analyst,40001,49980,45020.111852231916
1,Associate,70154,99603,87202.98113207547
2,Director,213987,388112,286971.1875
3,Manager,100124,148890,126272.5925925926
4,Senior Analyst,50044,69966,59901.34550561798
5,Senior Manager,151373,199577,178664.2741935484
