,SEX,SALARY,SALARY,SALARY
,,min,max,mean
0,F,40013,375647,59142.734375
1,M,40001,388112,57092.55521235521
