,UNIT,SALARY,SALARY,SALARY
,,min,max,mean
0,Finance,40040,375647,58599.10089686099
1,IT,40014,355337,58998.10845986985
2,Management,40031,368887,59186.94117647059
3,Marketing,40058,388112,59318.045662100456
4,Operations,40001,301872,55477.92694063927
5,Web,40065,324129,57202.508120649654
