,age,,,,,,,,income,,,,,,,,spending_score,,,,,,,,website_visits,,,,,,,,loyalty_points,,,,,,,,gender,,education,,,marital status,,purchase_history,,
cluster,count,mean,std,min,25%,50%,75%,max,count,mean,std,min,25%,50%,75%,max,count,mean,std,min,25%,50%,75%,max,count,mean,std,min,25%,50%,75%,max,count,mean,std,min,25%,50%,75%,max,F,M,Bachelor,Master,PhD,Married,Single,High,Low,Medium
0,131,40.67938931,3.543720721,35,39,40,44,45,131,67900.76336,7455.359416,58000,60000,70000,72000,78000,131,68.16793893,5.090190675,60,65,70,70,75,131,10.01526718,1.116207403,8,9,10,10,12,131,131.221374,22.15410713,100,110,140,140,180,26,105,51,80,0,130,1,131,0,0
1,79,31.02531646,1.768489748,27,29,31,33,35,79,52670.88608,3433.326558,48000,48000,55000,55000,60000,79,45.17721519,5.286071426,38,38,48,50,50,79,5,1.664100589,3,3,5,7,7,79,53.03797468,17.27265739,30,30,60,70,70,79,0,0,79,0,1,78,0,27,52
2,78,48.02564103,2.233012984,45,46,47,51,53,78,85064.10256,4225.278731,80000,80000,85000,90000,95000,78,85.06410256,4.160231461,80,80,85,90,92,78,17.38461538,2.14555275,15,15,17,20,23,78,242.9487179,29.1484768,200,210,240,280,280,78,0,0,0,78,78,0,78,0,0
3,82,30.86585366,4.033079867,25,26,31,36,36,82,50414.63415,4294.559347,40000,45000,52000,55000,55000,82,47.58536585,5.29138881,35,42,48,52,70,82,5.329268293,1.100559656,3,4,6,6,10,82,69.20731707,16.31990212,20,50,75,85,100,31,51,82,0,0,1,81,1,28,53
4,27,53.11111111,1.050030525,50,53,53,53,57,27,109259.2593,4744.167209,90000,110000,110000,110000,120000,27,94.92592593,1.141049649,90,95,95,95,98,27,27.66666667,1.687054785,20,28,28,28,30,27,344.4444444,21.18296364,250,350,350,350,350,0,27,0,0,27,26,1,27,0,0
